[
    {
        "codiceProd": "AA0000000001",
        "reparto": "informatica",
        "tipoProdotto": "tablet",
        "marca": "Apple",
        "modelloNome": "iPad Pro M4 13\" 512 GB",
        "qt": 6,
        "prezzo": 1999,
        "Nominativo_responsabile": "Giacinto Pinto",
        "cell_resp": "366 6616216",
        "fornitore1": "Mediaworld",
        "costo1": 1697.99,
        "fornitore2": "Apple",
        "costo2": 1819,
        "IVA": 22
    },
    {
        "codiceProd": "AA0000000002",
        "reparto": "informatica",
        "tipoProdotto": "pc desktop",
        "marca": "HP",
        "modelloNome": "HP - VICTUS 15L GAMING DESKTOP",
        "qt": 3,
        "prezzo": 1200,
        "Nominativo_responsabile": "Giacinto Pinto",
        "cell_resp": "366 6616216",
        "fornitore1": "Euronics",
        "costo1": 999,
        "fornitore2": "Amazon",
        "costo2": 749,
        "IVA": 22
    },
    {
        "codiceProd": "AA0000000003",
        "reparto": "informatica",
        "tipoProdotto": "pc desktop",
        "marca": "Acer",
        "modelloNome": "ACER - Desktop ASPIRE TC TC-1780-Nero",
        "qt": 7,
        "prezzo": 849,
        "Nominativo_responsabile": "Giacinto Pinto",
        "cell_resp": "366 6616216",
        "fornitore1": "Euronics",
        "costo1": 749,
        "fornitore2": "Mediaworld",
        "costo2": 649,
        "IVA": 22
    },
    {
        "codiceProd": "AA0000000004",
        "reparto": "informatica",
        "tipoProdotto": "laptop",
        "marca": "Lenovo",
        "modelloNome": "Lenovo IdeaPad Slim 3 Notebook 15\" AMD Ryzen5 16GB 512GB",
        "qt": 2,
        "prezzo": 799,
        "Nominativo_responsabile": "Giacinto Pinto",
        "cell_resp": "366 6616216",
        "fornitore1": "Unieuro",
        "costo1": 628,
        "fornitore2": "Amazon",
        "costo2": 579,
        "IVA": 22
    },
    {
        "codiceProd": "AA0000000005",
        "reparto": "informatica",
        "tipoProdotto": "laptop",
        "marca": "Asus",
        "modelloNome": "ASUS - Notebook F1605ZA-MB198W-TRANSPARENT SILVER",
        "qt": 5,
        "prezzo": 889,
        "Nominativo_responsabile": "Giacinto Pinto",
        "cell_resp": "366 6616216",
        "fornitore1": "Euronics",
        "costo1": 733,
        "fornitore2": "Unieuro",
        "costo2": 849.9,
        "IVA": 22
    },
    {
        "codiceProd": "AB0000000001",
        "reparto": "telefonia",
        "tipoProdotto": "smartphone",
        "marca": "Apple",
        "modelloNome": "iPhone 15 Pro",
        "qt": 16,
        "prezzo": 1549,
        "Nominativo_responsabile": "Mario Rossi",
        "cell_resp": "375 9482941",
        "fornitore1": "Euronics",
        "costo1": 1482,
        "fornitore2": "Apple",
        "costo2": 1398,
        "IVA": 22
    },
    {
        "codiceProd": "AB0000000002",
        "reparto": "telefonia",
        "tipoProdotto": "smartphone",
        "marca": "Samsung",
        "modelloNome": "s24 Ultra",
        "qt": 18,
        "prezzo": 1289,
        "Nominativo_responsabile": "Mario Rossi",
        "cell_resp": "375 9482941",
        "fornitore1": "Mediaworld",
        "costo1": 1134,
        "fornitore2": "Samsung",
        "costo2": 1256,
        "IVA": 22
    },
    {
        "codiceProd": "AB0000000003",
        "reparto": "telefonia",
        "tipoProdotto": "smartphone",
        "marca": "Huawei",
        "modelloNome": "P60",
        "qt": 11,
        "prezzo": 780,
        "Nominativo_responsabile": "Mario Rossi",
        "cell_resp": "375 9482941",
        "fornitore1": "Amazon",
        "costo1": 720,
        "fornitore2": "Huawei",
        "costo2": 780,
        "IVA": 22
    },
    {
        "codiceProd": "AB0000000004",
        "reparto": "telefonia",
        "tipoProdotto": "smartphone",
        "marca": "Xiaomi",
        "modelloNome": "Redmi 13T",
        "qt": 23,
        "prezzo": 400,
        "Nominativo_responsabile": "Mario Rossi",
        "cell_resp": "375 9482941",
        "fornitore1": "Uniero",
        "costo1": 364,
        "fornitore2": "Xiaomi",
        "costo2": 349,
        "IVA": 22
    },
    {
        "codiceProd": "AB0000000005",
        "reparto": "telefonia",
        "tipoProdotto": "smartphone",
        "marca": "Honor",
        "modelloNome": "200 pro",
        "qt": 7,
        "prezzo": 746,
        "Nominativo_responsabile": "Mario Rossi",
        "cell_resp": "375 9482941",
        "fornitore1": "Ebay",
        "costo1": 730,
        "fornitore2": "Honor",
        "costo2": 680,
        "IVA": 22
    },
    {
        "codiceProd": "AC0000000001",
        "reparto": "grandi elettrodomestici",
        "tipoProdotto": "frigorifero",
        "marca": "Samsung",
        "modelloNome": "Frigorifero Side by Side Family Hub™ 614L RS6HA8891SL",
        "qt": 9,
        "prezzo": 2299,
        "Nominativo_responsabile": "Silvano Soloperto",
        "cell_resp": "339 1157273",
        "fornitore1": "",
        "costo1": 0,
        "fornitore2": "Unieuro",
        "costo2": 2399,
        "IVA": 22
    },
    {
        "codiceProd": "AC0000000002",
        "reparto": "grandi elettrodomestici",
        "tipoProdotto": "lavatrice",
        "marca": "Samsung",
        "modelloNome": "Lavatrice Samsung BESPOKE AI™ Ecodosatore 11Kg WW11DB7B94GBU3",
        "qt": 12,
        "prezzo": 799,
        "Nominativo_responsabile": "Silvano Soloperto",
        "cell_resp": "339 1157273",
        "fornitore1": "Mediaworld",
        "costo1": 799,
        "fornitore2": "Unieuro",
        "costo2": 1149,
        "IVA": 22
    },
    {
        "codiceProd": "AC0000000003",
        "reparto": "grandi elettrodomestici",
        "tipoProdotto": "lavastoviglie",
        "marca": "Samsung",
        "modelloNome": "Lavastoviglie da Incasso Samsung Serie 5 DW60CG530B00",
        "qt": 15,
        "prezzo": 999,
        "Nominativo_responsabile": "Silvano Soloperto",
        "cell_resp": "339 1157273",
        "fornitore1": "Ebay",
        "costo1": 776,
        "fornitore2": "",
        "costo2": 0,
        "IVA": 22
    },
    {
        "codiceProd": "AC0000000004",
        "reparto": "grandi elettrodomestici",
        "tipoProdotto": "forno",
        "marca": "Samsung",
        "modelloNome": "Forno Samsung 60 x 60 Dual Cook Steam™ Infinite AI NV7B5675LCK",
        "qt": 6,
        "prezzo": 1099,
        "Nominativo_responsabile": "Silvano Soloperto",
        "cell_resp": "339 1157273",
        "fornitore1": "Amazon",
        "costo1": 973,
        "fornitore2": "Mediaworld",
        "costo2": 1049,
        "IVA": 22
    },
    {
        "codiceProd": "AC0000000005",
        "reparto": "grandi elettrodomestici",
        "tipoProdotto": "microonde",
        "marca": "Samsung",
        "modelloNome": "Forno Microonde Samsung 50 L NQ50T8539BK Smart Oven vapore",
        "qt": 7,
        "prezzo": 699,
        "Nominativo_responsabile": "Silvano Soloperto",
        "cell_resp": "339 1157273",
        "fornitore1": "Mediaworld",
        "costo1": 608,
        "fornitore2": "Samsung",
        "costo2": 649,
        "IVA": 22
    }
]